"0","fertility = read_csv('https://raw.githubusercontent.com/zief0002/epsy-8251/master/data/fertility.csv')"
"2","[1mRows: [22m[34m124[39m [1mColumns: [22m[34m8[39m"
"2","[36m──[39m [1mColumn specification[22m [36m────────────────────────────────────────────────────────────[39m
[1mDelimiter:[22m "",""
[31mchr[39m (3): country, region, gni_class
[32mdbl[39m (5): fertility_rate, educ_female, infant_mortality, contraceptive, high_gni"
"2","
[36mℹ[39m Use `spec()` to retrieve the full column specification for this data.
[36mℹ[39m Specify the column types or set `show_col_types = FALSE` to quiet this message."
"0","head(data.frame(fertility), 5) |>"
"0","  gt() |>"
"0","    tab_header("
"0","    title = md(""**Table 1.** First few rows of fertility table.""),"
"0","  ) |>"
"0","  opt_align_table_header(""left"")"
