{"chunk_definitions":[{"row":16,"row_count":1,"visible":true,"expansion_state":0,"options":{"include":false,"engine":"r","label":"setup","echo":false,"message":false},"document_id":"1EE48134","chunk_id":"csetup_chunk","chunk_label":"setup"},{"row":30,"row_count":1,"visible":true,"expansion_state":0,"options":{"engine":"r","label":"mysummary","echo":true,"message":false},"document_id":"1EE48134","chunk_id":"cgendrf03e4bj","chunk_label":"mysummary"},{"row":41,"row_count":1,"visible":true,"expansion_state":0,"options":{"engine":"r","label":"mean_sd","echo":false,"message":false},"document_id":"1EE48134","chunk_id":"cbg1updgzym9j","chunk_label":"mean_sd"}],"doc_write_time":1674787587,"working_dir":null,"default_chunk_options":{}}