"0","#| echo: false"
"0","#| tbl-cap: ""Variance components of three models"""
"0",""
"0","lmer.a = lmer(fci ~ 1 + (1 | team), data = nhl, REML = FALSE)"
"0","lmer.b = lmer(fci ~ 1 + c_year + (1|team), data = nhl, REML = FALSE)"
"0","lmer.c = lmer(fci ~ 1 + c_year + I(c_year^2) + (1|team), data = nhl, REML = FALSE)"
"0",""
"0","res_a = tidy(lmer.a, effects = ""ran_pars"") #49.28, 58.98"
"0","res_b = tidy(lmer.b, effects = ""ran_pars"") # 48.97, 41.57"
"0","res_c = tidy(lmer.c, effects = ""ran_pars"") # 48.84, 41.12"
"0",""
"0","sd_data = data.frame("
"0","  Variance = c(""between_teams"", ""within_teams""),"
"0","  mod_a = c(49.28^2, 58.98^2),"
"0","  mod_b = c(48.97^2, 41.57^2),"
"0","  mod_c = c( 48.84^2, 41.12^2)"
"0",") "
"0","  "
"0","sd_data |>"
"0","  gt() |>"
"0","    cols_label("
"0","    mod_a = md(""Model A""),"
"0","    mod_b = md(""Model B""),"
"0","    mod_c = md(""Model C"")"
"0","  )"
