{"chunk_definitions":[{"row":25,"row_count":1,"visible":true,"expansion_state":0,"options":{"echo":false,"engine":"r","label":"unnamed-chunk-28"},"document_id":"672A599A","chunk_id":"c86wdj4rmgbr5","chunk_label":"unnamed-chunk-1"},{"row":39,"row_count":1,"visible":true,"expansion_state":0,"options":{"engine":"r","label":"unnamed-chunk-9"},"document_id":"672A599A","chunk_id":"c61bbtgoi509q","chunk_label":"unnamed-chunk-2"},{"row":134,"row_count":1,"visible":true,"expansion_state":0,"options":{"engine":"r","label":"unnamed-chunk-26"},"document_id":"672A599A","chunk_id":"cermiyof42h6p","chunk_label":"unnamed-chunk-6"}],"doc_write_time":1677038311}