"0","glm.0 = glm(support ~ 1 + attendance, data = marriage, family = binomial(link = ""logit""))"
"0","glm.1 = glm(support ~ 1 + attendance + I(attendance ^ 2), data = marriage, family = binomial(link = ""logit""))"
"0",""
"0","aictab("
"0","  cand.set = list(glm.0, glm.1),"
"0","  modnames = c(""Attendence only"", ""Attendence Quadratic"")"
"0",")"
"1","
Model selection based on "
"1",""
"1","AICc"
"1",""
"1",":
"
"1","
"
"1","                    "
"1"," K"
"1","    AICc"
"1"," Delta_AICc"
"1"," AICcWt"
"1"," Cum.Wt"
"1","       LL"
"1","
Attendence Quadratic"
"1"," 3"
"1"," 2126.47"
"1","       0.00"
"1","      1"
"1","      1"
"1"," -1060.23"
"1","
Attendence only     "
"1"," 2"
"1"," 2140.93"
"1","      14.47"
"1","      0"
"1","      1"
"1"," -1068.46"
"1","
"
"1","
"
