"0","ggplot(lm.a, aes(x = fertility$educ_female, y = lm.a$fitted.values, color = factor(fertility$high_gni))) + "
"0","  geom_line(size = 1) +"
"0","  scale_color_manual(values = c(""#00AFBB"", ""#E7B800"")) +"
"0","  xlab(""Female Education Level"") +"
"0","  ylab(""Predicted Outcome"") +"
"0","  ggtitle(""Female Education Level vs. GNI"") +"
"0","  theme_classic() +"
"0","  theme(legend.position = ""none"") +"
"0","  theme(plot.margin = unit(c(1,1,1,1), ""cm"")) +"
"0","  theme(axis.text.x = element_text(size = 12)) +"
"0","  theme(axis.text.y = element_text(size = 12)) +"
"0","  theme(axis.title = element_text(size = 14, face = ""bold"")) +"
"0","  theme(plot.title = element_text(size = 16, face = ""bold"", hjust = 0.5)) +"
"0","  theme(plot.background = element_rect(fill = ""white""))"
