{"chunk_definitions":[{"row":23,"row_count":1,"visible":true,"expansion_state":0,"options":{"echo":false,"engine":"r","label":"unnamed-chunk-5"},"document_id":"28F4733C","chunk_id":"c9b9367bbkeo1","chunk_label":"unnamed-chunk-1"},{"row":36,"row_count":1,"visible":true,"expansion_state":0,"options":{"engine":"r","label":"unnamed-chunk-6"},"document_id":"28F4733C","chunk_id":"cctxykg1wiq14","chunk_label":"unnamed-chunk-2"},{"row":45,"row_count":1,"visible":true,"expansion_state":0,"options":{"engine":"r","label":"unnamed-chunk-7"},"document_id":"28F4733C","chunk_id":"c3r35bhdlz1vs","chunk_label":"unnamed-chunk-3"},{"row":68,"row_count":1,"visible":true,"expansion_state":0,"options":{"engine":"r","label":"unnamed-chunk-8"},"document_id":"28F4733C","chunk_id":"c9w6ux6h0jv6i","chunk_label":"unnamed-chunk-4"},{"row":77,"row_count":1,"visible":true,"expansion_state":0,"options":{"engine":"r","label":"unnamed-chunk-9"},"document_id":"28F4733C","chunk_id":"cdw5n9i26y0a9","chunk_label":"unnamed-chunk-5"},{"row":116,"row_count":1,"visible":true,"expansion_state":0,"options":{"engine":"r","label":"unnamed-chunk-10"},"document_id":"28F4733C","chunk_id":"c9mfw1vtnv2sq","chunk_label":"unnamed-chunk-6"},{"row":135,"row_count":1,"visible":true,"expansion_state":0,"options":{"engine":"r","label":"plot","echo":false,"message":false,"warning":false,"fig.align":"center","fig.height":4,"fig.width":6,"out.width":"80%","out.height":"60%"},"document_id":"28F4733C","chunk_id":"c8umnpl2e51v4","chunk_label":"plot"}],"doc_write_time":1676085463,"chunk_rendered_width":540}