"0","data_by_gni <- fertility %>% group_by(high_gni)"
"0","mean_std <- data_by_gni %>% summarise(mean_imr = round(mean(infant_mortality),2), std_imr = round(sd(infant_mortality), 2))"
"0","mean_std |>"
"0","  gt() |>"
"0","  cols_label("
"0","    high_gni = md(""*High GNI*""),"
"0","    mean_imr = md(""*M*""),"
"0","    std_imr = md(""*SD*""),"
"0","    ) |>"
"0","   cols_align("
"0","    align = ""center"""
"0","  )|>"
"0","    tab_header("
"0","    title = md(""**Table 2.** Mean and SD for different gni levels.""),"
"0","  ) |>"
"0","  opt_align_table_header(""left"")"
