"0","#| label: fig-fitted-model-d"
"0","#| fig-cap: ""Plot showing the average growth profile of fci over time for non-participants (blue) and participants (vermillion) teams based on Model E. The individual growth profile for Minnesota (dotted line) is also displayed."""
"0","#| out-width: ""70%"""
"0","ggplot(data = nhl, aes(x = c_year, y = fci)) +"
"0","  geom_point(alpha = 0) +  #Add individual profiles"
"0","  geom_abline(intercept = 229.37, slope = 7.70, color = ""#D55E00"") + #Non-Sped"
"0","  geom_abline(intercept = 241.65, slope = 12.8, color = ""#0072B2"") + #Sped"
"0","  geom_abline(intercept = 236.69, slope = 11.86, color = ""#0072B2"", linetype = ""dashed"") + #Student 8 (Sped)"
"0","  theme_light() +"
"0","  scale_x_continuous("
"0","    name = ""C_Year"","
"0","    breaks = c(0, 4, 8, 12),"
"0","    labels = c(""0"", ""4th"", ""8th"", ""12th"")"
"0","    ) +"
"0","  ylab(""FCI"")"
