{"chunk_definitions":[{"row":16,"row_count":1,"visible":true,"expansion_state":0,"options":{"include":false,"engine":"r","label":"setup","echo":false,"message":false},"document_id":"1EE48134","chunk_id":"csetup_chunk","chunk_label":"setup"},{"row":32,"row_count":1,"visible":true,"expansion_state":0,"options":{"engine":"r","label":"mysummary","echo":true,"message":false},"document_id":"1EE48134","chunk_id":"cgendrf03e4bj","chunk_label":"mysummary"},{"row":43,"row_count":1,"visible":true,"expansion_state":0,"options":{"engine":"r","label":"mean_sd","echo":"false","message":false},"document_id":"1EE48134","chunk_id":"cqeqe1f8ksado","chunk_label":"mean_sd"},{"row":50,"row_count":1,"visible":true,"expansion_state":0,"options":{"engine":"r","label":"fitted equation","echo":false,"message":false},"document_id":"1EE48134","chunk_id":"cdyczaikq6d3a","chunk_label":"fitted equation"},{"row":76,"row_count":1,"visible":true,"expansion_state":0,"options":{"engine":"r","label":"tidy_output","echo":false,"message":false},"document_id":"1EE48134","chunk_id":"c20uii42ppzqd","chunk_label":"tidy_output"}],"doc_write_time":1674462348,"working_dir":null,"default_chunk_options":{}}