{"chunk_definitions":[{"row":57,"row_count":1,"visible":true,"expansion_state":0,"options":{"engine":"r","label":"unnamed-chunk-16"},"document_id":"28F4733C","chunk_id":"cbh87k2ulavra","chunk_label":"unnamed-chunk-3"},{"row":66,"row_count":1,"visible":true,"expansion_state":0,"options":{"engine":"r","label":"unnamed-chunk-8"},"document_id":"28F4733C","chunk_id":"cwhd9n8t3140m","chunk_label":"unnamed-chunk-4"},{"row":92,"row_count":1,"visible":true,"expansion_state":0,"options":{"engine":"r","label":"unnamed-chunk-13"},"document_id":"28F4733C","chunk_id":"cw90fszp7qxyr","chunk_label":"unnamed-chunk-6"},{"row":102,"row_count":1,"visible":true,"expansion_state":0,"options":{"engine":"r","label":"unnamed-chunk-17"},"document_id":"28F4733C","chunk_id":"ci7c4l47ya81e","chunk_label":"unnamed-chunk-7"}],"doc_write_time":1676573107,"chunk_rendered_width":524}