{"chunk_definitions":[{"row":28,"row_count":1,"visible":true,"expansion_state":0,"options":{"echo":false,"engine":"r","label":"unnamed-chunk-6"},"document_id":"479B42F7","chunk_id":"ctzd8lcnajxv3","chunk_label":"unnamed-chunk-1"},{"row":33,"row_count":1,"visible":true,"expansion_state":0,"options":{"engine":"r","label":"unnamed-chunk-3"},"document_id":"479B42F7","chunk_id":"cvlnp2hnvmmw8","chunk_label":"unnamed-chunk-2"},{"row":51,"row_count":1,"visible":true,"expansion_state":0,"options":{"engine":"r","label":"unnamed-chunk-7"},"document_id":"479B42F7","chunk_id":"cona4w4ac7mtt","chunk_label":"unnamed-chunk-3"},{"row":85,"row_count":1,"visible":true,"expansion_state":0,"options":{"echo":false,"tbl-cap":"Variance components of three models","engine":"r","label":"unnamed-chunk-52"},"document_id":"479B42F7","chunk_id":"ch222l3pdqgh6","chunk_label":"unnamed-chunk-4"},{"row":106,"row_count":1,"visible":true,"expansion_state":0,"options":{"engine":"r","label":"unnamed-chunk-34"},"document_id":"479B42F7","chunk_id":"cakcb649qzszj","chunk_label":"unnamed-chunk-5"},{"row":127,"row_count":1,"visible":true,"expansion_state":0,"options":{"engine":"r","label":"unnamed-chunk-47"},"document_id":"479B42F7","chunk_id":"coswd73dzz7kb","chunk_label":"unnamed-chunk-6"},{"row":137,"row_count":1,"visible":true,"expansion_state":0,"options":{"engine":"r","label":"unnamed-chunk-48"},"document_id":"479B42F7","chunk_id":"c416bd0s96xgu","chunk_label":"unnamed-chunk-7"},{"row":149,"row_count":1,"visible":true,"expansion_state":0,"options":{"engine":"r","label":"unnamed-chunk-49"},"document_id":"479B42F7","chunk_id":"c4hafygdivahh","chunk_label":"unnamed-chunk-8"},{"row":186,"row_count":1,"visible":true,"expansion_state":0,"options":{"tbl-cap":"Predicted cost of attending a NHL game vs Minnesota Wild game","engine":"r","label":"unnamed-chunk-54"},"document_id":"479B42F7","chunk_id":"c0em0fwpm6xco","chunk_label":"unnamed-chunk-9"}],"doc_write_time":1680933703}