{"chunk_definitions":[{"row":18,"row_count":1,"visible":true,"expansion_state":0,"options":{"include":false,"engine":"r","label":"setup","echo":false,"message":false},"document_id":"405D8521","chunk_id":"csetup_chunk","chunk_label":"setup"},{"row":42,"row_count":1,"visible":true,"expansion_state":0,"options":{"engine":"r","label":"mean_sd","echo":false,"message":false},"document_id":"405D8521","chunk_id":"cp3i9pyc9ljpl","chunk_label":"mean_sd"},{"row":51,"row_count":1,"visible":true,"expansion_state":0,"options":{"engine":"r","label":"fitted equation","echo":false,"message":false},"document_id":"405D8521","chunk_id":"cxcc5irccuge6","chunk_label":"fitted equation"},{"row":119,"row_count":1,"visible":true,"expansion_state":0,"options":{"engine":"r","label":"unnamed-chunk-7"},"document_id":"405D8521","chunk_id":"cfkn3xvmj7n6a","chunk_label":"unnamed-chunk-1"}],"doc_write_time":1674789711,"working_dir":null,"default_chunk_options":{}}