"0","prop_marriage = marriage |> "
"0","  group_by(attendance, support) |> "
"0","  summarize(N = n()) |> "
"0","  mutate("
"0","    Prop = N / sum (N)"
"0","    ) |>"
"0","  ungroup() |>"
"0","  filter(support == 1)"
"2","`summarise()` has grouped output by 'attendance'. You can override using the `.groups` argument."
"0","# Scatterplot"
"0","ggplot(data = prop_marriage, aes(x = attendance, y = Prop)) +"
"0","  geom_point(aes(size = N)) +"
"0","  geom_smooth(aes(weight = N), method = ""loess"", se = FALSE) +"
"0","  theme_bw() +"
"0","  xlab(""Attendence"") +"
"0","  ylab(""Proportion of maariage support"")"
