"0","wine = read_csv('https://raw.githubusercontent.com/zief0002/bespectacled-antelope/main/data/wine.csv')"
"2","[1mRows: [22m[34m200[39m [1mColumns: [22m[34m6[39m"
"2","[36m──[39m [1mColumn specification[22m [36m─────────────────────────────────────────────────────────────────[39m
[1mDelimiter:[22m "",""
[31mchr[39m (3): wine, region, varietal
[32mdbl[39m (3): vintage, rating, price"
"2","
[36mℹ[39m Use `spec()` to retrieve the full column specification for this data.
[36mℹ[39m Specify the column types or set `show_col_types = FALSE` to quiet this message."
"0","lm.0 = lm(rating ~ 1, data = wine)"
"0","lm.1 = lm(rating ~ 1 + price, data = wine)"
"0","lm.2 = lm(rating ~ 1 + price + region, data = wine)"
"0","lm.3 = lm(rating ~ 1 + price + varietal, data = wine)"
"0","lm.4 = lm(rating ~ 1 + price + vintage, data = wine)"
"0","lm.5 = lm(rating ~ 1 + price + region + varietal, data = wine)"
"0","lm.6 = lm(rating ~ 1 + price + region + vintage, data = wine)"
"0","lm.7 = lm(rating ~ 1 + price + varietal + vintage, data = wine)"
"0","lm.8 = lm(rating ~ 1 + price + region + varietal + vintage, data = wine)"
