"0","glm.4 = glm(support ~ 1 + attendance + I(attendance ^ 2) + denomination + friends, data = marriage, family = binomial(link = ""logit""))"
"0","glm.5 = glm(support ~ 1 + attendance + I(attendance ^ 2) + denomination + friends + female, data = marriage, family = binomial(link = ""logit""))"
"0","glm.6 = glm(support ~ 1 + attendance + I(attendance ^ 2) +denomination + friends + female + age, data = marriage, family = binomial(link = ""logit""))"
"0",""
"0",""
"0","aictab("
"0","  cand.set = list(glm.4, glm.5, glm.6),"
"0","  modnames = c(""Friends"", ""Friends+Female"", ""All"")"
"0",")"
"1","
Model selection based on "
"1",""
"1","AICc"
"1",""
"1",":
"
"1","
"
"1","              "
"1"," K"
"1","    AICc"
"1"," Delta_AICc"
"1"," AICcWt"
"1"," Cum.Wt"
"1","       LL"
"1","
All           "
"1"," 9"
"1"," 1977.58"
"1","       0.00"
"1","      1"
"1","      1"
"1","  -979.74"
"1","
Friends+Female"
"1"," 8"
"1"," 2027.34"
"1","      49.76"
"1","      0"
"1","      1"
"1"," -1005.63"
"1","
Friends       "
"1"," 7"
"1"," 2032.44"
"1","      54.86"
"1","      0"
"1","      1"
"1"," -1009.19"
"1","
"
"1","
"
