{"chunk_definitions":[{"row":25,"row_count":1,"visible":true,"expansion_state":0,"options":{"echo":false,"engine":"r","label":"unnamed-chunk-1"},"document_id":"CBE6B383","chunk_id":"ca2534bh6qgv0","chunk_label":"unnamed-chunk-1"},{"row":29,"row_count":1,"visible":true,"expansion_state":0,"options":{"engine":"r","label":"unnamed-chunk-2"},"document_id":"CBE6B383","chunk_id":"cmb58aasafehp","chunk_label":"unnamed-chunk-2"},{"row":54,"row_count":1,"visible":true,"expansion_state":0,"options":{"engine":"r","label":"unnamed-chunk-9"},"document_id":"CBE6B383","chunk_id":"cg2bylslsjq9t","chunk_label":"unnamed-chunk-4"},{"row":73,"row_count":1,"visible":true,"expansion_state":0,"options":{"engine":"r","label":"unnamed-chunk-28"},"document_id":"CBE6B383","chunk_id":"c9cpwbcdxybkb","chunk_label":"unnamed-chunk-5"},{"row":108,"row_count":1,"visible":true,"expansion_state":0,"options":{"results":"asis","code-fold":true,"engine":"r","label":"unnamed-chunk-27"},"document_id":"CBE6B383","chunk_id":"c8lekdmlhsjr6","chunk_label":"unnamed-chunk-6"},{"row":121,"row_count":1,"visible":true,"expansion_state":0,"options":{"engine":"r","label":"unnamed-chunk-30"},"document_id":"CBE6B383","chunk_id":"cgphgtca50lsz","chunk_label":"unnamed-chunk-7"},{"row":137,"row_count":1,"visible":true,"expansion_state":0,"options":{"engine":"r","label":"unnamed-chunk-31"},"document_id":"CBE6B383","chunk_id":"c4vqcso6y6vfw","chunk_label":"unnamed-chunk-8"},{"row":149,"row_count":1,"visible":true,"expansion_state":0,"options":{"engine":"r","label":"unnamed-chunk-35"},"document_id":"CBE6B383","chunk_id":"ctvkow14lhmd7","chunk_label":"unnamed-chunk-9"}],"doc_write_time":1678674750}