"0","#| label: tbl-model-results"
"0","#| tbl-cap: ""Five candidate models predicting variation in the log-odds of obtaining a degree. The first generation and non-traditional student predictors were dummy-coded."""
"0","#| code-fold: true"
"0","#| results: asis"
"0","# Create the table"
"0","htmlreg("
"0","  l = list(glm.1, glm.2, glm.3, glm.6),"
"0","  stars = numeric(0),    #No p-value stars"
"0","  digits = 2,"
"0","  padding = 20,          #Add space around columns (you may need to adjust this via trial-and-error)"
"0","  custom.model.names = c(""Model A"", ""Model B"", ""Model C"", ""Model D""),"
"0","  custom.coef.names = c(""Intercept"", ""Attendence"", ""Attendence^2"","
"0","                        ""Deno:Catholic"",""Denom:Jew"", ""Denom:Other"", ""Friends"", ""Female"","
"0","                        ""Age""),"
"0","  reorder.coef = c(2:9, 1), #Put intercept at bottom of table"
"0","  include.aic = FALSE, #Omit AIC"
"0","  include.bic = FALSE, #Omit BIC"
"0","  include.nobs = FALSE,  #Omit sample size"
"0","  include.loglik = FALSE,   #Omit log-likelihood"
"0","  custom.gof.rows = list("
"0","    AICc = c(AICc(glm.1), AICc(glm.2), AICc(glm.3), AICc(glm.6)),"
"0","    R2 = (2722.5 - c(NA, 2662.09, 2605.00, 2540.35)) /  2722.5"
"0","    ), # Add AICc values"
"0","  reorder.gof = c(3, 1, 2),"
"0","  caption = NULL,"
"0","  caption.above = TRUE, #Move caption above table"
"0","  inner.rules = 1, #Include line rule before model-level output"
"0","  outer.rules = 1 , #Include line rules around table"
"0","  custom.note = ""The $R^2$ value is based on the proportion of reduced deviance from the intercept-only model (Model A)"""
"0","  )"
"1","<table class=""texreg"" style=""margin: 10px auto;border-collapse: collapse;border-spacing: 0px;color: #000000;border-top: 1px solid #000000;"">
<thead>
<tr>
<th style=""padding-left: 20px;padding-right: 20px;"">&nbsp;</th>
<th style=""padding-left: 20px;padding-right: 20px;"">Model A</th>
<th style=""padding-left: 20px;padding-right: 20px;"">Model B</th>
<th style=""padding-left: 20px;padding-right: 20px;"">Model C</th>
<th style=""padding-left: 20px;padding-right: 20px;"">Model D</th>
</tr>
</thead>
<tbody>
<tr style=""border-top: 1px solid #000000;"">
<td style=""padding-left: 20px;padding-right: 20px;"">Attendence</td>
<td style=""padding-left: 20px;padding-right: 20px;"">0.14</td>
<td style=""padding-left: 20px;padding-right: 20px;"">&nbsp;</td>
<td style=""padding-left: 20px;padding-right: 20px;"">0.14</td>
<td style=""padding-left: 20px;padding-right: 20px;"">-0.03</td>
</tr>
<tr>
<td style=""padding-left: 20px;padding-right: 20px;"">&nbsp;</td>
<td style=""padding-left: 20px;padding-right: 20px;"">(0.12)</td>
<td style=""padding-left: 20px;padding-right: 20px;"">&nbsp;</td>
<td style=""padding-left: 20px;padding-right: 20px;"">(0.13)</td>
<td style=""padding-left: 20px;padding-right: 20px;"">(0.13)</td>
</tr>
<tr>
<td style=""padding-left: 20px;padding-right: 20px;"">Attendence^2</td>
<td style=""padding-left: 20px;padding-right: 20px;"">-0.12</td>
<td style=""padding-left: 20px;padding-right: 20px;"">&nbsp;</td>
<td style=""padding-left: 20px;padding-right: 20px;"">-0.12</td>
<td style=""padding-left: 20px;padding-right: 20px;"">-0.07</td>
</tr>
<tr>
<td style=""padding-left: 20px;padding-right: 20px;"">&nbsp;</td>
<td style=""padding-left: 20px;padding-right: 20px;"">(0.03)</td>
<td style=""padding-left: 20px;padding-right: 20px;"">&nbsp;</td>
<td style=""padding-left: 20px;padding-right: 20px;"">(0.03)</td>
<td style=""padding-left: 20px;padding-right: 20px;"">(0.03)</td>
</tr>
<tr>
<td style=""padding-left: 20px;padding-right: 20px;"">Deno:Catholic</td>
<td style=""padding-left: 20px;padding-right: 20px;"">&nbsp;</td>
<td style=""padding-left: 20px;padding-right: 20px;"">0.77</td>
<td style=""padding-left: 20px;padding-right: 20px;"">0.66</td>
<td style=""padding-left: 20px;padding-right: 20px;"">0.50</td>
</tr>
<tr>
<td style=""padding-left: 20px;padding-right: 20px;"">&nbsp;</td>
<td style=""padding-left: 20px;padding-right: 20px;"">&nbsp;</td>
<td style=""padding-left: 20px;padding-right: 20px;"">(0.14)</td>
<td style=""padding-left: 20px;padding-right: 20px;"">(0.14)</td>
<td style=""padding-left: 20px;padding-right: 20px;"">(0.15)</td>
</tr>
<tr>
<td style=""padding-left: 20px;padding-right: 20px;"">Denom:Jew</td>
<td style=""padding-left: 20px;padding-right: 20px;"">&nbsp;</td>
<td style=""padding-left: 20px;padding-right: 20px;"">2.30</td>
<td style=""padding-left: 20px;padding-right: 20px;"">1.93</td>
<td style=""padding-left: 20px;padding-right: 20px;"">1.76</td>
</tr>
<tr>
<td style=""padding-left: 20px;padding-right: 20px;"">&nbsp;</td>
<td style=""padding-left: 20px;padding-right: 20px;"">&nbsp;</td>
<td style=""padding-left: 20px;padding-right: 20px;"">(0.52)</td>
<td style=""padding-left: 20px;padding-right: 20px;"">(0.53)</td>
<td style=""padding-left: 20px;padding-right: 20px;"">(0.55)</td>
</tr>
<tr>
<td style=""padding-left: 20px;padding-right: 20px;"">Denom:Other</td>
<td style=""padding-left: 20px;padding-right: 20px;"">&nbsp;</td>
<td style=""padding-left: 20px;padding-right: 20px;"">0.38</td>
<td style=""padding-left: 20px;padding-right: 20px;"">0.25</td>
<td style=""padding-left: 20px;padding-right: 20px;"">0.06</td>
</tr>
<tr>
<td style=""padding-left: 20px;padding-right: 20px;"">&nbsp;</td>
<td style=""padding-left: 20px;padding-right: 20px;"">&nbsp;</td>
<td style=""padding-left: 20px;padding-right: 20px;"">(0.13)</td>
<td style=""padding-left: 20px;padding-right: 20px;"">(0.13)</td>
<td style=""padding-left: 20px;padding-right: 20px;"">(0.14)</td>
</tr>
<tr>
<td style=""padding-left: 20px;padding-right: 20px;"">Friends</td>
<td style=""padding-left: 20px;padding-right: 20px;"">&nbsp;</td>
<td style=""padding-left: 20px;padding-right: 20px;"">&nbsp;</td>
<td style=""padding-left: 20px;padding-right: 20px;"">&nbsp;</td>
<td style=""padding-left: 20px;padding-right: 20px;"">0.73</td>
</tr>
<tr>
<td style=""padding-left: 20px;padding-right: 20px;"">&nbsp;</td>
<td style=""padding-left: 20px;padding-right: 20px;"">&nbsp;</td>
<td style=""padding-left: 20px;padding-right: 20px;"">&nbsp;</td>
<td style=""padding-left: 20px;padding-right: 20px;"">&nbsp;</td>
<td style=""padding-left: 20px;padding-right: 20px;"">(0.11)</td>
</tr>
<tr>
<td style=""padding-left: 20px;padding-right: 20px;"">Female</td>
<td style=""padding-left: 20px;padding-right: 20px;"">&nbsp;</td>
<td style=""padding-left: 20px;padding-right: 20px;"">&nbsp;</td>
<td style=""padding-left: 20px;padding-right: 20px;"">&nbsp;</td>
<td style=""padding-left: 20px;padding-right: 20px;"">0.33</td>
</tr>
<tr>
<td style=""padding-left: 20px;padding-right: 20px;"">&nbsp;</td>
<td style=""padding-left: 20px;padding-right: 20px;"">&nbsp;</td>
<td style=""padding-left: 20px;padding-right: 20px;"">&nbsp;</td>
<td style=""padding-left: 20px;padding-right: 20px;"">&nbsp;</td>
<td style=""padding-left: 20px;padding-right: 20px;"">(0.11)</td>
</tr>
<tr>
<td style=""padding-left: 20px;padding-right: 20px;"">Age</td>
<td style=""padding-left: 20px;padding-right: 20px;"">&nbsp;</td>
<td style=""padding-left: 20px;padding-right: 20px;"">&nbsp;</td>
<td style=""padding-left: 20px;padding-right: 20px;"">&nbsp;</td>
<td style=""padding-left: 20px;padding-right: 20px;"">-0.03</td>
</tr>
<tr>
<td style=""padding-left: 20px;padding-right: 20px;"">&nbsp;</td>
<td style=""padding-left: 20px;padding-right: 20px;"">&nbsp;</td>
<td style=""padding-left: 20px;padding-right: 20px;"">&nbsp;</td>
<td style=""padding-left: 20px;padding-right: 20px;"">&nbsp;</td>
<td style=""padding-left: 20px;padding-right: 20px;"">(0.00)</td>
</tr>
<tr>
<td style=""padding-left: 20px;padding-right: 20px;"">Intercept</td>
<td style=""padding-left: 20px;padding-right: 20px;"">-0.19</td>
<td style=""padding-left: 20px;padding-right: 20px;"">-1.07</td>
<td style=""padding-left: 20px;padding-right: 20px;"">-0.53</td>
<td style=""padding-left: 20px;padding-right: 20px;"">0.22</td>
</tr>
<tr>
<td style=""padding-left: 20px;padding-right: 20px;"">&nbsp;</td>
<td style=""padding-left: 20px;padding-right: 20px;"">(0.10)</td>
<td style=""padding-left: 20px;padding-right: 20px;"">(0.10)</td>
<td style=""padding-left: 20px;padding-right: 20px;"">(0.14)</td>
<td style=""padding-left: 20px;padding-right: 20px;"">(0.25)</td>
</tr>
<tr style=""border-top: 1px solid #000000;"">
<td style=""padding-left: 20px;padding-right: 20px;"">Deviance</td>
<td style=""padding-left: 20px;padding-right: 20px;"">2120.45</td>
<td style=""padding-left: 20px;padding-right: 20px;"">2188.60</td>
<td style=""padding-left: 20px;padding-right: 20px;"">2085.59</td>
<td style=""padding-left: 20px;padding-right: 20px;"">1959.48</td>
</tr>
<tr>
<td style=""padding-left: 20px;padding-right: 20px;"">AICc</td>
<td style=""padding-left: 20px;padding-right: 20px;"">2126.47</td>
<td style=""padding-left: 20px;padding-right: 20px;"">2196.62</td>
<td style=""padding-left: 20px;padding-right: 20px;"">2097.64</td>
<td style=""padding-left: 20px;padding-right: 20px;"">1977.58</td>
</tr>
<tr style=""border-bottom: 1px solid #000000;"">
<td style=""padding-left: 20px;padding-right: 20px;"">R2</td>
<td style=""padding-left: 20px;padding-right: 20px;"">&nbsp;</td>
<td style=""padding-left: 20px;padding-right: 20px;"">0.02</td>
<td style=""padding-left: 20px;padding-right: 20px;"">0.04</td>
<td style=""padding-left: 20px;padding-right: 20px;"">0.07</td>
</tr>
</tbody>
<tfoot>
<tr>
<td style=""font-size: 0.8em;"" colspan=""5"">The $R^2$ value is based on the proportion of reduced deviance from the intercept-only model (Model A)</td>
</tr>
</tfoot>
</table>
"
