{"chunk_definitions":[{"row":28,"row_count":1,"visible":true,"expansion_state":0,"options":{"echo":false,"engine":"r","label":"unnamed-chunk-17"},"document_id":"764C45BF","chunk_id":"cuk3o44hweaac","chunk_label":"unnamed-chunk-1"},{"row":38,"row_count":1,"visible":true,"expansion_state":0,"options":{"engine":"r","label":"unnamed-chunk-12"},"document_id":"764C45BF","chunk_id":"c8556flq8lcew","chunk_label":"unnamed-chunk-2"},{"row":53,"row_count":1,"visible":true,"expansion_state":0,"options":{"echo":false,"engine":"r","label":"unnamed-chunk-14"},"document_id":"764C45BF","chunk_id":"caxborl0dpi3r","chunk_label":"unnamed-chunk-3"},{"row":71,"row_count":1,"visible":true,"expansion_state":0,"options":{"echo":false,"engine":"r","label":"unnamed-chunk-23"},"document_id":"764C45BF","chunk_id":"c2hzybyjqh5r7","chunk_label":"unnamed-chunk-4"},{"row":127,"row_count":1,"visible":true,"expansion_state":0,"options":{"engine":"r","label":"unnamed-chunk-27"},"document_id":"764C45BF","chunk_id":"cev3h8syqigzc","chunk_label":"unnamed-chunk-5"},{"row":153,"row_count":1,"visible":true,"expansion_state":0,"options":{"fig-cap":"Plot showing the average growth profile of fci over time for non-participants (blue) and participants (vermillion) teams based on Model E. The individual growth profile for Minnesota (dotted line) is also displayed.","out-width":"70%","engine":"r","label":"unnamed-chunk-30"},"document_id":"764C45BF","chunk_id":"cpids15ibfedh","chunk_label":"fig-fitted-model-d"}],"doc_write_time":1682737065}