{
    "sources": [
        {
            "author": [
                {
                    "family": "Fox",
                    "given": "John"
                }
            ],
            "id": "fox2020mathematical",
            "issued": {
                "date-parts": [
                    [
                        2020
                    ]
                ]
            },
            "publisher": "SAGE Publications, Incorporated",
            "title": "A mathematical primer for social statistics",
            "type": "book"
        },
        {
            "author": [
                {
                    "family": "Carmichael",
                    "given": "Leonard"
                }
            ],
            "container-title": "The Scientific Monthly",
            "id": "carmichael_laziness_1954",
            "issue": "4",
            "issued": {
                "date-parts": [
                    [
                        1954
                    ]
                ]
            },
            "page": "208-213",
            "title": "Laziness and the scholarly life",
            "type": "article-journal",
            "volume": "78"
        },
        {
            "DOI": "10.1177/1948550620916071",
            "ISSN": "1948-5506, 1948-5514",
            "URL": "http://journals.sagepub.com/doi/10.1177/1948550620916071",
            "abstract": "Cesario et al. argue that benchmarking the relative counts of killings by police on relative crime rates, rather than relative population sizes, generates a measure of racial disparity in the use of lethal force that is unbiased by differential crime rates. Their publication, however, lacked any formal derivation showing that their benchmarking methodology has the statistical properties required to establish such a claim. We use the causal model of lethal force by police conditional on relative crime rates implicit in their analyses and prove that their benchmarking methodology does not, in general, remove the bias introduced by crime rate differences. Instead, it creates strong statistical biases that mask true racial disparities, especially in the killing of unarmed noncriminals by police. Reanalysis of their data using formally derived criminality-correcting benchmarks shows that there is strong and statistically reliable evidence of anti-Black racial disparities in the killing of unarmed Americans by police in 2015–2016.",
            "accessed": {
                "date-parts": [
                    [
                        2020,
                        6,
                        24
                    ]
                ]
            },
            "author": [
                {
                    "family": "Ross",
                    "given": "Cody T."
                },
                {
                    "family": "Winterhalder",
                    "given": "Bruce"
                },
                {
                    "family": "McElreath",
                    "given": "Richard"
                }
            ],
            "container-title": "Social Psychological and Personality Science",
            "id": "ross_racial_2020",
            "issued": {
                "date-parts": [
                    [
                        2020,
                        6
                    ]
                ]
            },
            "page": "194855062091607",
            "title": "Racial disparities in police use of deadly force against unarmed individuals persist after appropriately benchmarking shooting data on violent crime rates",
            "type": "article-journal"
        }
    ],
    "project_biblios": []
}