"0","#| label: fig-interaction-fitted-prob"
"0","#| fig-cap: ""Predicted probability of supporting same sex marriage depending on attendence. The covariate is friends where the blue line is zero and red line is for one. This figure is for Protestants."""
"0","#| fig-width: 8"
"0","#| fig-height: 6"
"0","# Plot the fitted equations"
"0","ggplot(data = marriage, aes(x = support, y = attendance)) +"
"0","  geom_point(alpha = 0) +"
"0","  # Non-first generation students"
"0","  geom_function("
"0","    fun = function(x) {exp(.22 - 0.03*x - .07*x^2) / (1 + exp(.22 - 0.03*x - .07*x^2))},"
"0","    linetype = ""dashed"","
"0","    color = ""blue"""
"0","    ) +"
"0","  # First generation students"
"0","  geom_function("
"0","    fun = function(x) {exp(.95 - 0.03*x - .07*x^2) / (1 + exp(.95 - 0.03*x - .07*x^2))},"
"0","    linetype = ""solid"","
"0","    color = ""red"""
"0","    ) +"
"0","  theme_light() +"
"0","  xlab(""Attendance"") +"
"0","  ylab(""Predicted probability of supporting marriage"") +"
"0","  ylim(0, 1)"
