"0","nhl = nhl |> "
"0","  mutate("
"0","    c_year = (nhl$year-2002)"
"0","    ) "
"0",""
"0","ggplot(data = nhl, aes(x = nhl$c_year, y = nhl$fci)) +"
"0","  geom_line(aes(group = nhl$team), alpha = 0.3) +                      #Add individual profiles"
"0","  stat_summary(fun = mean, geom = ""line"", size = 2, group = 1) + #Add mean profile line"
"0","  stat_summary(fun = mean, geom = ""point"", size = 3) +           #Add mean profile points"
"0","  theme_light() +"
"0","  xlab(""Year"") +"
"0","  ylab(""FCI"")"
"2","Warning: Using `size` aesthetic for lines was deprecated in ggplot2 3.4.0.
Please use `linewidth` instead."
