{"chunk_definitions":[{"row":26,"row_count":1,"visible":true,"expansion_state":0,"options":{"echo":false,"engine":"r","label":"unnamed-chunk-48"},"document_id":"CBE6B383","chunk_id":"ca2534bh6qgv0","chunk_label":"unnamed-chunk-1"},{"row":31,"row_count":1,"visible":true,"expansion_state":0,"options":{"engine":"r","label":"unnamed-chunk-49"},"document_id":"CBE6B383","chunk_id":"cmb58aasafehp","chunk_label":"unnamed-chunk-2"},{"row":52,"row_count":1,"visible":true,"expansion_state":0,"options":{"engine":"r","label":"unnamed-chunk-50"},"document_id":"CBE6B383","chunk_id":"c342br1p7rhrg","chunk_label":"unnamed-chunk-3"},{"row":64,"row_count":1,"visible":true,"expansion_state":0,"options":{"engine":"r","label":"unnamed-chunk-51"},"document_id":"CBE6B383","chunk_id":"cg2bylslsjq9t","chunk_label":"unnamed-chunk-4"},{"row":90,"row_count":1,"visible":true,"expansion_state":0,"options":{"engine":"r","label":"unnamed-chunk-52"},"document_id":"CBE6B383","chunk_id":"c962kh0hk1j45","chunk_label":"unnamed-chunk-5"},{"row":99,"row_count":1,"visible":true,"expansion_state":0,"options":{"engine":"r","label":"unnamed-chunk-53"},"document_id":"CBE6B383","chunk_id":"cvvzqw2io4o6g","chunk_label":"unnamed-chunk-6"},{"row":111,"row_count":1,"visible":true,"expansion_state":0,"options":{"engine":"r","label":"unnamed-chunk-54"},"document_id":"CBE6B383","chunk_id":"cyyclji3auvds","chunk_label":"unnamed-chunk-7"},{"row":117,"row_count":1,"visible":true,"expansion_state":0,"options":{"engine":"r","label":"unnamed-chunk-55"},"document_id":"CBE6B383","chunk_id":"ci8mgqlnl1qtk","chunk_label":"unnamed-chunk-8"},{"row":131,"row_count":1,"visible":true,"expansion_state":0,"options":{"engine":"r","label":"unnamed-chunk-56"},"document_id":"CBE6B383","chunk_id":"cgrzizcsybk5t","chunk_label":"unnamed-chunk-9"},{"row":167,"row_count":1,"visible":true,"expansion_state":0,"options":{"tbl-cap":"Five candidate models predicting variation in the log-odds of obtaining a degree. The first generation and non-traditional student predictors were dummy-coded.","code-fold":true,"results":"asis","engine":"r","label":"unnamed-chunk-65"},"document_id":"CBE6B383","chunk_id":"cegmtyfbqb4mk","chunk_label":"tbl-model-results"},{"row":204,"row_count":1,"visible":true,"expansion_state":0,"options":{"fig-cap":"Predicted probability of supporting same sex marriage depending on attendence. The covariate is friends where the blue line is zero and red line is for one. This figure is for Protestants.","fig-width":8,"fig-height":6,"engine":"r","fig.cap":"","label":"unnamed-chunk-68"},"document_id":"CBE6B383","chunk_id":"ci721b8zu4ytb","chunk_label":"fig-interaction-fitted-prob"},{"row":230,"row_count":1,"visible":true,"expansion_state":0,"options":{"fig-cap":"Predicted probability of supporting same sex marriage depending on attendence. The covariate is friends where the blue line is zero and red line is for one. This figure is for Jews.","fig-width":8,"fig-height":6,"engine":"r","fig.cap":"","label":"unnamed-chunk-67"},"document_id":"CBE6B383","chunk_id":"c0w321hyj8lyb","chunk_label":"fig-interaction-fitted-prob2"}],"doc_write_time":1679457115,"chunk_rendered_width":700}