"0","tidy_output |>"
"0","  gt() |>"
"0","  cols_label("
"0","    term = md(""Predictor""),"
"0","    estimate = md(""*B*""),"
"0","    std.error = md(""*SE*""),"
"0","    statistic = md(""*t*""),"
"0","    p.value = md(""*p*"")"
"0","  ) |>"
"0","  cols_align("
"0","    columns = c(estimate, std.error, statistic, p.value),"
"0","    align='center'"
"0","  ) |>"
"0","    tab_header("
"0","    title = md(""**Table 3.** Coefficient tidy() outputs for the model.""),"
"0","  ) |>"
"0","   fmt_number("
"0","    columns = 2:4,"
"0","    decimals = 2,"
"0","    suffixing = TRUE"
"0","  ) |>"
"0","   fmt_number("
"0","    columns = 5,"
"0","    decimals = 3,"
"0","    suffixing = TRUE"
"0","  ) |>"
"0","  opt_align_table_header(""left"")"
